<?xml version="1.0" encoding="UTF-8" standalone="yes"?>
<addon id="repository.rw86" name="rw86 Repo" version="3.0.0" provider-name="rw86">
	<extension point="xbmc.addon.repository" name="rw86 Repository">
		<info compressed="false">https://offshoregit.com/rw86/rw86-repo/addons.xml</info>
		<checksum>https://offshoregit.com/rw86/rw86-repo/addons.xml.md5</checksum>
		<datadir zip="true">https://offshoregit.com/rw86/rw86-repo/zips</datadir>
		<dir>
			<info compressed="false">https://offshoregit.com/tvaresolvers/tva-common-repository/raw/master/addons.xml</info>
			<checksum>https://offshoregit.com/tvaresolvers/tva-common-repository/raw/master/addons.xml.md5</checksum>
			<datadir zip="true">https://offshoregit.com/tvaresolvers/tva-common-repository/raw/master/zips/</datadir>
		</dir>
	</extension>
	<extension point="xbmc.addon.metadata">
		<summary>rw86's Repository</summary>
		<description>Download and install add-ons from rw86's Repository.</description>
		<platform>all</platform>
	</extension>
</addon>

