<?xml version="1.0" encoding="UTF-8"?>
    <addon id="repository.nederlandscherepo" name="[COLOR darkorange][B]N[/B][/COLOR]ederlandsche [COLOR darkorange][B]R[/B][/COLOR]epo" version="1.0.2" provider-name="Nederlandsche Repository">
        <requires>
            <import addon="xbmc.addon" version="12.0.0"/>
        </requires>
        <extension point="xbmc.addon.repository" name="Nederlandsche Repository">
            <info compressed="false">https://offshoregit.com/nederlandscherepo/repo/addons.xml</info>
            <checksum>https://offshoregit.com/nederlandscherepo/repo/addons.xml.md5</checksum>
            <datadir zip="true">https://offshoregit.com/nederlandscherepo/repo/zips</datadir>
            <hashes>false</hashes>
        </extension>
        <extension point="xbmc.addon.metadata">
            <summary>Nederlandsche Repository</summary>
			<description>Dutch Repository</description>
			<disclaimer>The owners and submitters to this repository do not host or distribute any of the content displayed by these addons nor do they have any affiliation with the content providers.</disclaimer>
            <platform>all</platform>
    </extension>
</addon>