<?xml version="1.0" encoding="UTF-8" standalone="yes"?>
<addon id="script.module.xhamster" name="thegroovexhamster" version="1.0.1" provider-name="Stefano">
  <requires>
    <import addon="xbmc.python" version="2.1.0"/>
    <import addon="script.module.simplejson" version="0.0.1"/>
    <import addon="script.module.urlresolver"  version="0.0.1"/>
    <import addon="script.module.liveresolver" version="0.0.1"/>
    <import addon="script.common.plugin.cache" version="0.0.1"/>
    <import addon="script.module.metahandler" version="0.0.1"/>

  </requires>
  <extension point="xbmc.python.pluginsource" library="default.py">
        <provides>service</provides>
  </extension>
  <extension point="xbmc.addon.metadata">
    <summary lang="en"></summary>
    <description lang="en"></description>
    <platform>all</platform>
  </extension>
</addon>