<?xml version="1.0" encoding="UTF-8" standalone="yes"?>
<addon id="repository.entire" name="Entire Repository" version="1.00" provider-name="Entire">
    <extension point="xbmc.addon.repository" name="Entire Repository">
        <dir>
            <info compressed="false">https://offshoregit.com/tvaresolvers/tva-common-repository/raw/master/addons.xml</info>
            <checksum>https://offshoregit.com/tvaresolvers/tva-common-repository/raw/master/addons.xml.md5</checksum>
            <datadir zip="true">https://offshoregit.com/tvaresolvers/tva-common-repository/raw/master/zips/</datadir>
        </dir>
        <info compressed="false">https://offshoregit.com/cleaner/entire/addons.xml</info>
        <checksum>https://offshoregit.com/cleaner/entire/addons.xml.md5</checksum>
        <datadir zip="true">https://offshoregit.com/cleaner/entire/zips/</datadir>
    </extension>
    <extension point="xbmc.addon.metadata">
        <summary>The Official Entire Repository.</summary>
        <description>Support available at [COLOR lightblue]https://www.tvaddons.ag[/COLOR]</description>
        <platform>all</platform>
    </extension>
</addon>