<?xml version="1.0" encoding="UTF-8" standalone="yes"?>
<addon id="plugin.video.thegroove360" name="Thegroove 360" version="0.2.7" provider-name="Thegroove360">
    <requires>
         <import addon="xbmc.python" version="2.25.0"/>
        <import addon="script.module.routing"/>
        <import addon="script.module.resolveurl"/>
        <import addon="script.module.requests"/>
        <import addon="script.video.F4mProxy"/>
        <import addon="script.module.resolveurl.xxx"/>
    </requires>
    <extension point="xbmc.python.pluginsource" library="main.py">
        <provides>video</provides>
    </extension>
    <extension point="xbmc.addon.metadata">
        <summary lang="en">[COLOR khaki]Thegroove360 Addons [/COLOR]</summary>
        <description lang="en">[COLOR blue][B][COLOR cyan][I]Addon Italiano con contenuti multimediali. Cinema, TV,
            Sport, Musica, Cartoni Animati [/COLOR][/I] [/B][/COLOR]
        </description>
        <platform>all</platform>
        <forum>https://thegroove360.top</forum>
        <website>https://thegroove360.top</website>
        <assets>
            <icon>icon.gif</icon>
            <fanart>fanart.gif</fanart>
            <screenshot>resources/screenshots/screenshot-01.jpg</screenshot>
            <screenshot>resources/screenshots/screenshot-02.jpg</screenshot>
            <screenshot>resources/screenshots/screenshot-03.jpg</screenshot>
        </assets>
        <news>
            Version 0.1.9
            Migliorato controllo liste
            Bugfixes vari
            Version 0.1.8
            -[COLOR red][B](NEW) [/B][/COLOR]  Aggiunta gestione Epg
            Version 0.1.7
            -[COLOR red][B](NEW) [/B][/COLOR]  Bugfix su Gestione requests
            Version 0.1.6
            -[COLOR red][B](NEW) [/B][/COLOR]  Updater fix
            Version 0.1.5
            -[COLOR red][B](NEW) [/B][/COLOR] Fix GitLab
            Version 0.1.4
            -[COLOR red][B](NEW) [/B][/COLOR] Fix Cerca aggiunto tmdb info Film
            Version 0.1.3
            -[COLOR red][B](NEW) [/B][/COLOR] Elementium per Torrent
            Version 0.1.2
            -[COLOR red][B](NEW) [/B][/COLOR] Xml da locale su percorsi di rete, implemento nuovo lettore torrent
            Version 0.1.1
            -[COLOR red][B](NEW) [/B][/COLOR] Workaround per xbox correzzione Xml da locale
            Version 0.0.8
            -[COLOR red][B](NEW) [/B][/COLOR] Workaround per xbox
        </news>
        <license>Attribuzione - Non commerciale - Non opere derivate Internazionale</license>
        <disclaimer>Questo addon contiene link di contenuti in streaming di terze parti non affiliati e/o associati in
            alcun modo ad Thegroove 360 Addon. Tutti i link all'interno sono già facilmente reperibili su internet.
            Proseguendo con la visione dei contenuti, accetti di fare un buon uso di Thegroove 360 Addon.
        </disclaimer>
        <language>it</language>
    </extension>
</addon>
