<?xml version="1.0" encoding="UTF-8"?>
<instant>
  <LastUsedSnapshot name="2015.08.27-fugue-2016.07.05"/>
  <Main x="0" y="0" w="1366" h="768" current-tab="editor"/>
  <Editor id="12" edit-horizontal-pane-pos="1115" notebook-shrunk="0" edit-vertical-pane-pos="565" mixer-width="Wide" zoom-focus="ZoomFocusPlayhead" zoom="432" snap-to="SnapToBeatDiv4" snap-mode="SnapNormal" internal-snap-to="SnapToBeatDiv4" internal-snap-mode="SnapNormal" pre-internal-snap-to="SnapToBeatDiv2" pre-internal-snap-mode="SnapNormal" edit-point="EditAtMouse" visible-track-count="-1" playhead="2674285" left-frame="3546288" y-origin="945.000000" show-measures="yes" maximised="no" follow-playhead="no" stationary-playhead="no" region-list-sort-type="ByEndInFile" mouse-mode="MouseContent" join-object-range="no" show-editor-mixer="yes" show-editor-list="yes" editor-list-page="1" show-marker-lines="no" nudge-clock-value="240000">
    <Window name="Editor" visible="no" x-off="-1" y-off="-1" x-size="-1" y-size="-1" tabbed="yes"/>
    <Buttons>
      <Press/>
      <Release/>
    </Buttons>
    <Selection>
      <Marker id="251" start="no"/>
    </Selection>
    <RegionList sort-type="ByEndInFile" sort-ascending="yes" show-all="no" show-automatic-regions="yes"/>
    <ActionScript lua="Lua 5.3">c2NyaXB0cyA9IHt9IA==</ActionScript>
    <ActionHooks/>
  </Editor>
  <Mixer mixer-rhs-pane1-pos="255" mixer-list-hpane-pos="125" narrow-strips="no" show-mixer="no" show-mixer-list="yes" maximised="no">
    <Window name="Mixer" visible="no" x-off="-1" y-off="-1" x-size="-1" y-size="-1" tabbed="yes"/>
    <PluginOrder>
      <PluginInfo sort="0" unique-id="1067" expanded="0"/>
      <PluginInfo sort="1" unique-id="http://calf.sourceforge.net/plugins/Exciter" expanded="0"/>
      <PluginInfo sort="2" unique-id="http://calf.sourceforge.net/plugins/Fluidsynth" expanded="0"/>
      <PluginInfo sort="3" unique-id="http://calf.sourceforge.net/plugins/Reverb" expanded="0"/>
      <PluginInfo sort="4" unique-id="http://calf.sourceforge.net/plugins/Saturator" expanded="0"/>
      <PluginInfo sort="5" unique-id="http://calf.sourceforge.net/plugins/StereoTools" expanded="0"/>
      <PluginInfo sort="6" unique-id="http://calf.sourceforge.net/plugins/VintageDelay" expanded="0"/>
      <PluginInfo sort="7" unique-id="http://plugin.org.uk/swh-plugins/diode" expanded="0"/>
      <PluginInfo sort="8" unique-id="1185" expanded="0"/>
      <PluginInfo sort="9" unique-id="http://github.com/nicklan/drmr" expanded="0"/>
      <PluginInfo sort="10" unique-id="http://linuxsampler.org/plugins/linuxsampler" expanded="0"/>
      <PluginInfo sort="11" unique-id="http://plugin.org.uk/swh-plugins/valveRect" expanded="0"/>
      <PluginInfo sort="12" unique-id="1405" expanded="0"/>
      <PluginInfo sort="13" unique-id="http://plugin.org.uk/swh-plugins/valve" expanded="0"/>
      <PluginInfo sort="14" unique-id="http://plugin.org.uk/swh-plugins/vynil" expanded="0"/>
      <PluginInfo sort="15" unique-id="http://kxstudio.sf.net/carla/plugins/zynaddsubfx" expanded="0"/>
    </PluginOrder>
  </Mixer>
  <Meterbridge show-meterbridge="no">
    <geometry x-size="600" y-size="400" x-pos="1" y-pos="1"/>
  </Meterbridge>
</instant>
