<?xml version="1.0" encoding="UTF-8" standalone="yes"?>
<addon id="repository.likelion"
       name="Likelion Kodi Add-ons"
       version="1.0.2"
       provider-name="Leonid Mokrushin">
	<extension point="xbmc.addon.repository" name="Likelion Kodi Add-ons">
		<info compressed="false">https://raw.githubusercontent.com/likelion/kodi-addons/master/addons.xml</info>
		<checksum>https://raw.githubusercontent.com/likelion/kodi-addons/master/addons.xml.md5</checksum>
		<datadir zip="true">https://raw.githubusercontent.com/likelion/kodi-addons/master/</datadir>
	</extension>
	<extension point="xbmc.addon.metadata">
		<summary>Install Add-ons from Likelion Kodi Add-on Repository</summary>
		<description>Addons for Kodi</description>
		<disclaimer>Various useful Kodi add-ons</disclaimer>
		<platform>all</platform>
	</extension>
</addon>
