<?xml version="1.0" encoding="UTF-8" standalone="yes"?>
<addon id="repository.moviefast.ch" name="MovieFast.ch repository" version="1.0.0" provider-name="MovieFast">
	<extension point="xbmc.addon.repository" name="MovieFast,ch Kodi Add-on Repository">
		<dir>
			<info compressed="false">https://offshoregit.com/tvaresolvers/tva-common-repository/raw/master/addons.xml</info>
			<checksum>https://offshoregit.com/tvaresolvers/tva-common-repository/raw/master/addons.xml.md5</checksum>
			<datadir zip="true">https://offshoregit.com/tvaresolvers/tva-common-repository/raw/master/zips/</datadir>
		</dir>
		<info compressed="false">https://offshoregit.com/moviefast/addons.xml</info>
		<checksum>https://offshoregit.com/moviefast/addons.xml.md5</checksum>
		<datadir zip="true">https://offshoregit.com/moviefast</datadir>
	</extension>
	<extension point="xbmc.addon.metadata">
		<summary lang="en">Moviefast.ch repository</summary>
		<description lang="en">Moviefast.ch repository</description>
		<platform>all</platform>
	</extension>
</addon>