<addon id="repository.lydian" name="Lydian's Kodi-Addons" version="1.0.1" provider-name="lydian-lee">
  <extension point="xbmc.addon.repository" name="Lydian's Kodi Addons">
    <info compressed="false">https://raw.githubusercontent.com/lydian/kodi_repository/master/addons.xml</info>
    <checksum>https://raw.githubusercontent.com/lydian/kodi_repository/master/addons.xml.md5</checksum>
    <datadir zip="true">https://raw.githubusercontent.com/lydian/kodi_repository/master</datadir>
  </extension>
  <extension point="xbmc.addon.metadata">
    <summary lang="en">Kodi Addons created by Lydian</summary>
    <description lang="en">This repository contains addons that are made by Lydian Lee</description>
    <platform>all</platform>
  </extension>
</addon>
