<?xml version="1.0" encoding="UTF-8" standalone="yes"?>
<addon id="script.module.multixxx" name="multixxx" version="1.0.0" provider-name=" Stefano ">
  <requires>
    <import addon="xbmc.python" version="2.1.0"/>
	<import addon="script.module.addon.common" />
	<import addon="script.module.requests" />
	<import addon="script.module.beautifulsoup4" />
  </requires>
  <extension point="xbmc.python.pluginsource" library="default.py">
		<provides>service</provides>
  </extension>
  <extension point="xbmc.addon.metadata">
	<summary lang="en"></summary>
	<description lang="en"></description>
	<disclaimer lang="en"></disclaimer>
	<platform>all</platform>
  </extension>
</addon>
