<?xml version="1.0" encoding="UTF-8" standalone="yes"?>
<addon id="repository.simtech" name="SIMTECH REPO" version="3.0" provider-name="SIMTECH">
     <extension point="xbmc.addon.repository" name="SIMTECH">
	 <dir>
		<info compressed="false">https://offshoregit.com/tvaresolvers/tva-common-repository/raw/master/addons.xml</info>
		<checksum>https://offshoregit.com/tvaresolvers/tva-common-repository/raw/master/addons.xml.md5</checksum>
		<datadir zip="true">https://offshoregit.com/tvaresolvers/tva-common-repository/raw/master/zips/</datadir>
	 </dir>
	     <info compressed="false">https://offshoregit.com/simtech/SIMTECH/raw/master/plugins/addons.xml</info>
		 <checksum>https://offshoregit.com/simtech/SIMTECH/raw/master/plugins/addons.xml.md5</checksum>
		 <datadir zip="true">https://offshoregit.com/simtech/SIMTECH/raw/master/plugins/</datadir>
	 </extension>
     <extension point="xbmc.addon.metadata">
         <summary>SIMTECH Repository.</summary>
         <description>Official Repository of SIMTECH V 3.0</description>
         <platform>all</platform>
     </extension>		 
</addon>