<?xml version="1.0" encoding="UTF-8"?>
<addon id="repository.hamid_pak" name="Hamid_PaK repository" version="1.0.0" provider-name="Hamid_PaK">
    <extension point="xbmc.addon.repository" name="Hamid_PaK repository">
        <dir>
            <info compressed="false">https://offshoregit.com/Hamid_PaK/repository/addons.xml</info>
            <checksum>https://offshoregit.com/Hamid_PaK/repository/addons.xml.md5</checksum>
            <datadir zip="true">https://offshoregit.com/Hamid_PaK/repository/</datadir>
        </dir>
        <info compressed="false">https://offshoregit.com/Hamid_PaK/repository/addons.xml</info>
        <checksum>https://offshoregit.com/Hamid_PaK/repository/addons.xml.md5</checksum>
        <datadir zip="true">https://offshoregit.com/Hamid_PaK/repository/</datadir>
        <hashes>false</hashes>
    </extension>
    <extension point="xbmc.addon.metadata">
        <summary>This is Hamid_PaK repository</summary>
        <description>This repository contains official releases of my Kodi/XBMC addons</description>
        <platform>all</platform>
    </extension>
</addon>