<?xml version="1.0" encoding="UTF-8" standalone="yes"?>
<addon id="plugin.video.theman" 
  name="Thegroove Manutenzione"
  version="2.4.0" 
  provider-name="Stefano">
	<requires>
		<import addon="xbmc.python" version="2.1.0"/>
        <import addon="script.thegroove.debug.log"/>
	</requires>
    <extension point="xbmc.python.pluginsource" library="default.py">
        <provides>video executable </provides>
    </extension>
    <extension point="xbmc.service" library="service.py" start="login|startup"/>
    <extension point="xbmc.addon.metadata">
        <summary lang="en">Stefano Maintenace </summary>
        <description lang="en">Version 2.2
-[COLOR red][B](NEW)[/B][/COLOR] Sistemato log uploader
Version 2.1
-[COLOR red][B](NEW)[/B][/COLOR] Fix Componenti finali 
Version 2.0
-[COLOR red][B](NEW)[/B][/COLOR] Per kodi 18 tutta in ita	
Version 1.0.3
-[COLOR red][B](NEW)[/B][/COLOR] Fix Comonenti	
Version 1.0.1
-[COLOR red][B](NEW)[/B][/COLOR] Fix Componenti
Version 1.0.0
-[COLOR red][B](NEW)[/B][/COLOR] Beta
</description>
        <disclaimer lang="en">.</disclaimer>
        <language>en</language>
        <platform>all</platform>
        <forum></forum>
        <website></website>
        <source></source>
    </extension>
</addon>
