{
 "address": "16WKzsiU8QrYo2AghXEpMT6LaMQVofLmqC",
 "address_index": 53843318,
 "background-color": "#FFF",
 "clone_root": "",
 "cloneable": true,
 "cloned_from": "1FxdhGzEh4URDfXJH4uFwJwNQcPcNJutpQ",
 "description": "",
 "files": {
  "data-default/users/content-default.json": {
   "sha512": "a1468ff00f5f7d02a139cdebb8643c0e179750fc505c59450ccd8af7db13ee00",
   "size": 656
  },
  "dbschema.json": {
   "sha512": "54a464f56824b02375c0e8483238573da6a7f8355e045601f6a216c1d0c90660",
   "size": 1196
  },
  "index.html": {
   "sha512": "7f8e757891fe895792ee75d5b39481036658fe2f2cf31e7d595508b4afa00183",
   "size": 39897
  },
  "js/ZeroFrame.js": {
   "sha512": "090a43d18dcd1aa836b0d160631fe958f9fabd761af712e8eed6f7e010c0dd76",
   "size": 2409
  }
 },
 "ignore": "data/.*",
 "includes": {
  "data/users/content.json": {
   "signers": [],
   "signers_required": 1
  }
 },
 "inner_path": "content.json",
 "modified": 1518482676,
 "postmessage_nonce_security": true,
 "signers_sign": "HPJOGiUvGLQafe2cZrVMCKCe+4TQyR8ecC2jcWFJsiE4fwHvnf6kmu7pz+FSHxRsDAtO1CAVCd+ZetKyuXgo8C4=",
 "signs": {
  "16WKzsiU8QrYo2AghXEpMT6LaMQVofLmqC": "HLHeimSENhqBOuqF9yJOZ+CTR41XEyvuyTlPCFw+pS27c6bNkbpx1RNVgnlofBYE39suEug2oa2XDN2cpR40jgk="
 },
 "signs_required": 1,
 "title": "Local ZeroMail Bot",
 "translate": ["js/all.js"],
 "viewport": "width=device-width, initial-scale=1.0",
 "zeronet_version": "0.6.2"
}