<?xml version="1.0" encoding="UTF-8" standalone="yes"?>
<addon id="repository.lux" name="Lux Addon Repository" version="1.0.0" provider-name="Lux">
	<extension point="xbmc.addon.repository" name="Lux Addon Repository">
	<dir>
		<info compressed="false">https://offshoregit.com/tvaresolvers/tva-common-repository/raw/master/addons.xml</info>
		<checksum>https://offshoregit.com/tvaresolvers/tva-common-repository/raw/master/addons.xml.md5</checksum>
		<datadir zip="true">https://offshoregit.com/tvaresolvers/tva-common-repository/raw/master/zips/</datadir>
	</dir>
		<info compressed="false">https://offshoregit.com/lux/repo/raw/master/addons.xml</info>
		<checksum>https://offshoregit.com/lux/repo/raw/master/addons.xml.md5</checksum>
		<datadir zip="true">https://offshoregit.com/lux/repo/raw/master/zips</datadir>
	</extension>
	<extension point="xbmc.addon.metadata">
		<summary>Lux Addon Repository</summary>
		<description>Lux Addon Repository</description>
		<platform>all</platform>
	</extension>
</addon>

