<?xml version="1.0" encoding="UTF-8" standalone="yes"?>
<addon id="script.module.theregex" name="Thegroove regex" version="1.0.0" provider-name="Thegroove">

	<requires>
		<import addon="xbmc.python" version="2.1.0" />
		<import addon="plugin.video.youtube" version="5.2.1" optional="true" />
		<import addon="script.module.pyxbmct" version="1.1.4" />
		<import addon="script.module.urlresolver" version="3.0.0"/>
		<import addon="script.module.liveresolver" version="0.1.24"/>
		<import addon="script.video.F4mProxy" version="2.2.3"/>
	</requires>
	<extension point="xbmc.python.pluginsource" library="default.py">
		<provides>service</provides>
	</extension>
	<extension point="xbmc.addon.metadata">
			<summary lang="en">[COLOR khaki]Thegroove regex[/COLOR]</summary>
		<description lang="en">[COLOR blue][B][COLOR cyan][I]Retro compatibilità regex per Thegroove360 addon [/COLOR][/I] [/B][/COLOR]</description>
		<platform>all</platform>
		<forum></forum>
		<website></website>
		<assets>
			<icon>icon.png</icon>
			<fanart>fanart.jpg</fanart>
			<screenshot></screenshot>
			<screenshot></screenshot>
			<screenshot></screenshot>
		</assets>
		<news>Version 1.0.0
 </news>
    <license>Attribuzione - Non commerciale - Non opere derivate Internazionale</license>
	<disclaimer></disclaimer>
	<language>it</language>
	</extension>
</addon>