<?xml version="1.0" encoding="UTF-8" standalone="yes"?>
<addon id="service.live.stestrem" 
name="Stefano Service live"
version="1.0.1" 
provider-name="Stefano">
  <requires>
    <import addon="xbmc.python" version="2.1.0"/>
    <import addon="script.module.beautifulsoup" version="3.2.1"/>
    <import addon="script.module.simple.downloader" version="0.9.4"/>
    <import addon="script.module.beautifulsoup4" />
    <import addon="script.module.requests" />
    <import addon="script.module.httplib2" />
    <import addon="script.module.youtube.dl" optional="true"/>
    <import addon="plugin.video.youtube" optional="true" />
    <import addon="script.module.urlresolver" optional="true"/>
	<import addon="script.module.pyxbmct" version="1.1.4"/>
    <import addon="script.module.simplejson" />	
  </requires>
  <extension point="xbmc.python.pluginsource" library="default.py">
    <provides>service</provides>
  </extension>
     
  <extension point="xbmc.addon.metadata">
     <summary></summary>
        <description></description>
        <news>

</news>
    <platform>all</platform>
	<license> </license>
	<website>https://stefanoaddon.info</website>
	<email></email>
	<disclaimer></disclaimer>
	<language>it</language>
  </extension>
</addon>
