<?xml version="1.0" encoding="UTF-8" standalone="yes"?>
<addon id="script.module.steplus" name="[COLOR ffff0000][B]Thegroove Scrapers[/B][/COLOR]" version="1.0.9" provider-name="Thegroove">
  <requires>
    <import addon="xbmc.python" version="2.1.0"/>
	<import addon="script.module.requests" />
	<import addon="script.module.addon.common" />
	<import addon="script.module.urlresolver" />
    <import addon="script.module.beautifulsoup4" />
	<import addon="script.video.F4mProxy" />
  </requires>
  <extension point="xbmc.python.pluginsource" library="default.py">
        <provides>all</provides>
  </extension>
  <extension point="xbmc.addon.metadata">
    <summary lang="en">Dependency Addon for Thegrovve360 Addon</summary>
    <description lang="en">Dependency Addon for Thegrovve360 Addon</description>
	<disclaimer lang="en">Dependency Addon for Thegrovve360 Addon</disclaimer>
    <platform>all</platform>
  </extension>
</addon>
