{
 "address": "16WKzsiU8QrYo2AghXEpMT6LaMQVofLmqC",
 "files": {},
 "ignore": ".*",
 "inner_path": "data/users/content.json",
 "modified": 1515635649,
 "signs": {
  "16WKzsiU8QrYo2AghXEpMT6LaMQVofLmqC": "HDnfZZYC1Yg4YxmHean6s70G3C8FOd1eJdoBwtUFO8dEXxwM2jyWvfIPAKUigEEWEHOzrXk0+F+Rzw5N33uKD1E="
 },
 "user_contents": {
  "cert_signers": {
   "zeroid.nobit": ["2iD5ZQJMNXu43w1qLB8sfdHVKppVMduGz"]
  },
  "permission_rules": {
   ".*": {
    "files_allowed": "data.json",
    "max_size": 1000000000
   },
   "bitmsg/.*@zeroid.bit": {"max_size": 1500000}
  },
  "permissions": {
   "bad@zeroid.bit": false,
   "nofish@zeroid.bit": {"max_size": 100000}
  }
 }
}