<?xml version="1.0" encoding="UTF-8" standalone="yes"?>
<addon id="repository.gityaman" 
       name="GityaMan Kodi repository" 
	   version="0.3" 
	   provider-name="GityaMan">
<requires>

  <import addon="xbmc.addon" version="12.0.0"/>
</requires>	
	<extension point="xbmc.addon.repository" name="GityaMan kodi Add-On's">
		<info compressed="false">https://raw.githubusercontent.com/GityaMan/repository.gityaman/master/addons.xml</info>
		<checksum>https://raw.githubusercontent.com/GityaMan/repository.gityaman/master/addons.xml.md5</checksum>
		<datadir zip="true">https://raw.githubusercontent.com/GityaMan/repository.gityaman/master/</datadir>
	</extension> 
	<extension point="xbmc.addon.metadata">
		<summary>Install Add-ons from gityaman</summary>
		<summary lang="ru">Дополнения и репозитории пользователя GityaMan</summary>
		<description>Загружайте и устанавливайте плагины. Если вы обнаружили нерабочее дополнение, сообщите об этом разработчикам плагина на адрес электронной почты.</description>
		<disclaimer lang="ru">Разработчики KODI не являются авторами этих дополнений и не несут ответственность за их содержимое.</disclaimer>
		<platform>all</platform>
	</extension>
</addon>
