{
 "address": "1Games5166ST5jGdtEnrD8xHk7nUcBBWjR",
 "description": "Get Games provides you with free torrents for all sorts of games.",
 "files": {
  "img/A Normal Lost Phone.jpg": {
   "sha512": "cba0e7e32791bef5f8f5e2ec15f6842afff7c5b94721c8ddba6f04c9441a8d74",
   "size": 25456
  },
  "img/Airscape - The Fall of Gravity.jpg": {
   "sha512": "ee7d977ee1abe20398e993629ce4724d9848c8cc076a3f9cd29e6388b486cb1d",
   "size": 23687
  },
  "img/Assault Android Cactus.jpg": {
   "sha512": "bd2ba128ee62e3d2449a809c51366ebe7350ad4b626ff1695b5675058a8d6484",
   "size": 46052
  },
  "img/BEEP.jpg": {
   "sha512": "08fe22fd5930a684474e5f0cbcdfa6a73baf10319f540767ec60b6f5dba6cf46",
   "size": 27625
  },
  "img/Chroma Squad.jpg": {
   "sha512": "a0a1c1dccf66b5794a1de84ea3d2b5d4addc060d4279706bc1d01b5dd5f6ecf2",
   "size": 36211
  },
  "img/DLC Quest.jpg": {
   "sha512": "197d3bde6ca79adb97ea1678d11737983be02ea674ec413e8493d8d248f20299",
   "size": 21682
  },
  "img/Door Kickers.jpg": {
   "sha512": "950c06d951c9ac0ffbaf7152eedb559bcd97a4694f26bd4ce72d12acca2cca46",
   "size": 26515
  },
  "img/Duet.jpg": {
   "sha512": "b7b6c18266b24cce1dc7af9dccd532d59d18b8c8bbd4cbab39d968564895b434",
   "size": 13672
  },
  "img/Else Heart.Break().jpg": {
   "sha512": "c5bfda64edcb7b1f0dc751858415a0c9572974eaa180ad64bd013a5f35ca7a45",
   "size": 40573
  },
  "img/Getting Over It with Bennett Foddy.jpg": {
   "sha512": "d604015d07a3b9b5d56f70703a1c452b5c44f568c7878836318b961fc7a2f13e",
   "size": 41320
  },
  "img/Gone Home.jpg": {
   "sha512": "10ac50b274c147b6a9248d3b8b326bc658005ab1861d930fdd3006735e8e532d",
   "size": 29879
  },
  "img/LIMBO.jpg": {
   "sha512": "d7f86b145c7653ba4c17b2d590948d0b206cd8fa6aa790513da1eb5c889f9574",
   "size": 15508
  },
  "img/LYNE.jpg": {
   "sha512": "a1812abe5949b4f567e01be2e210b216a54424b68a683d8f0337868caef298b2",
   "size": 10806
  },
  "img/Mini Metro.jpg": {
   "sha512": "7aeeb2d5a10661aff20eb00c3131dc6e3cc9e0d4cfcbde69de575208a4d6f4ba",
   "size": 14418
  },
  "img/Necromonads.jpg": {
   "sha512": "a949310f0fb2dc6a0b2e670ebde52d85ab31055bc0d1895ad339540c96561c6f",
   "size": 32657
  },
  "img/Never Alone Arctic Collection.jpg": {
   "sha512": "598e454e5698c5dd927de9a84f56b5a2d7ae9d69438bdc6ede82c0c48f7fb622",
   "size": 14949
  },
  "img/Not a Hero.jpg": {
   "sha512": "caf12c4c227dc8707e482155f60b4f6cd06a69305c29f91ad0b2743150998cc7",
   "size": 26332
  },
  "img/Odallus The Dark Call.jpg": {
   "sha512": "dfa7e994194aecc2c38599f708744e56240cbf0950c24722154146bf6cebb542",
   "size": 28176
  },
  "img/Oniken.jpg": {
   "sha512": "9e86d5d41f5c2a56a513a2de8194f09f895a3246c5e1afbb93a00eaa5a0ab30d",
   "size": 41217
  },
  "img/Outlast.jpg": {
   "sha512": "9e86918f1cc6b9c3341d9c7a5bd71392c5f1149dfd4bf09fc2eddd6c701dad2b",
   "size": 14571
  },
  "img/Party Hard.jpg": {
   "sha512": "eaf807401caa6d00aa916b694b53b483be22e1c6addc2808d925ddef04dd2367",
   "size": 26530
  },
  "img/Punch Club.jpg": {
   "sha512": "8c325be80ee7a7553381a36addb05ad0f6acc127160bb6465d5fa810a349aab3",
   "size": 41121
  },
  "img/Redactem.jpg": {
   "sha512": "4aee1b602831eb1695f4aa04ee435931fd757eee1372f48dde6c3e98df321857",
   "size": 24638
  },
  "img/Retro City Rampage DX.jpg": {
   "sha512": "17c2292eb4921148e7be62d2c032b97d29a61056c506e3cf314860f5a3c85639",
   "size": 63758
  },
  "img/Stumblehill.jpg": {
   "sha512": "b1d456650b812383f6b47db0f981eb13facd372fe4a410ef38cdea169aaee092",
   "size": 21163
  },
  "img/Subserial Network.jpg": {
   "sha512": "1273e5ad54b05b21df32122e2eb8b619e3ad89a2f2cfa528ba24ef564e00b040",
   "size": 22311
  },
  "img/Sunless Sea.jpg": {
   "sha512": "d255d68eb33a62345d7c43f65d4abfe84796bfcd25a2ca3ca3bc47ddde63bcd1",
   "size": 22121
  },
  "img/Super Meat Boy.jpg": {
   "sha512": "89af0bd03a97dd5fadfec883f4fdf656dcf05c19b0153943c537906fd5a4ae31",
   "size": 35192
  },
  "img/Technobabylon.jpg": {
   "sha512": "89c9f2fae552c504c152b5c3d5cf74519471aa5ddc65e46d1686bed9a0438b97",
   "size": 44193
  },
  "img/Terraria Collector Edition.jpg": {
   "sha512": "cbd6052cea681c5e8d9d7ccfb8a83bd561a3ff2c2fdd208426458b7a9dcee064",
   "size": 63565
  },
  "img/Thirty Flights Of Loving.jpg": {
   "sha512": "bb753ccdb24641e5ad0c14eeadf40381fae1bf2203ad568f66d4fe26e2bc6ed8",
   "size": 43716
  },
  "img/Tick Tock Isle.jpg": {
   "sha512": "8e1ba2bec1149e512fd787fc9c71ac1193a74728e958baac5f032e5d0ef0e041",
   "size": 30233
  },
  "img/Trine 3 The Artifacts of Power.jpg": {
   "sha512": "c4368e8b5b3ef2ff7b05b0f50efe1fda52c4c0343f2cfd7fc0c02a3e98be8616",
   "size": 121518
  },
  "img/Uncanny Valley.jpg": {
   "sha512": "deac7121e0efc9f483cce067191e32b29d47a6eb1e01e443c4cf44d4d3555df8",
   "size": 31878
  },
  "img/Woten.jpg": {
   "sha512": "616752ff3f033a74119b49e645f7e8b2bba0b15965244b8350b512f7c2aafc84",
   "size": 18915
  },
  "index.html": {
   "sha512": "b41fe0eaa26518639a29096c16a72ead6d131599ccec2a110150c5352521d3bf",
   "size": 11857
  },
  "materialize.css": {
   "sha512": "dc4251f6c07889a6200ab0300993919310fddba8c81be00afbac5ef141947fb0",
   "size": 141312
  },
  "style.css": {
   "sha512": "85af75dde7d25411321dc0f996340438485cffb3a8ad6f056064c0bdeb456513",
   "size": 155
  },
  "torrents/AssaultAndroidCactus_linux.zip.torrent": {
   "sha512": "93d5bbea6dfc2740a935d326c6b4c57dd9042e392231b2bdefd51037d4a5ceb4",
   "size": 71135
  },
  "torrents/AssaultAndroidCactus_osx.zip.torrent": {
   "sha512": "3150811fa334862678a91611a350ce3a28925247f6bc1d8b48fef9b2d1a480cd",
   "size": 71411
  },
  "torrents/AssaultAndroidCactus_windows.zip.torrent": {
   "sha512": "0e24d636d35def4b95ecdf4fcddf9074a207e43c180e98ed010317e518f780d7",
   "size": 70339
  },
  "torrents/CSD2_Humble_Linux_v1_6_HFX3.zip.torrent": {
   "sha512": "3129f4d7cb5e71eff69a68258d40fbd3f6d32cb4243b3978d81b476a1da5eed9",
   "size": 67623
  },
  "torrents/CSD2_Humble_Mac_v1_6_HFX3.app.zip.torrent": {
   "sha512": "d7815380be43a783229d4d6b2ce8031d39542cfddf52ac2bbca5621afd2c4bd7",
   "size": 68427
  },
  "torrents/CSD2_Humble_Windows_v1_6_HFX3.zip.torrent": {
   "sha512": "6bbe7dbe8002e376f689a14568bf31bcf6cb0053c21cdaee4c4728c28dd1ec72",
   "size": 67767
  },
  "torrents/CSDAndroidBuild_HS_240.apk.torrent": {
   "sha512": "0a5cf069882e164118bdac20e9c4cf36a63bbf8ed8ab84ba3cf4d495399e7ecd",
   "size": 3911
  },
  "torrents/CSDLinux_261.zip.torrent": {
   "sha512": "9b0e74a22f1ea9c3c887b9cacd72f922a7b3dcc8231619ec61e05847cb14aa6e",
   "size": 6383
  },
  "torrents/CSDMac_261.dmg.torrent": {
   "sha512": "05f2836cdfa37db85d907d9e092358505ff158d7d137095fafb4f1bf2013ca69",
   "size": 10160
  },
  "torrents/CSDWin_261.exe.torrent": {
   "sha512": "16b961afd2a7dd9575233665419df016572370a55e88e691c7550b4ac9101633",
   "size": 7339
  },
  "torrents/ChromaSquad_-_DRM-FREE_-_Linux_-_v1.11.zip.torrent": {
   "sha512": "81e78a37c964f06af98d18439a5f92ba10ca070f315e8102b4f6cd2d332b6149",
   "size": 13505
  },
  "torrents/ChromaSquad_-_DRM-FREE_-_MacOS_-_v1.11.zip.torrent": {
   "sha512": "a2c97c5a6fb7bcd793ad2916901c8fcca01a0312682d7d7b42be382540a64729",
   "size": 13465
  },
  "torrents/ChromaSquad_-_DRM-FREE_-_Windows_-_v1.11.zip.torrent": {
   "sha512": "5e11404a03f6ce8872a157836cd55398dc425929a03477b444a1d485ee91463a",
   "size": 15049
  },
  "torrents/DLCQuest-mac-1.2.dmg.torrent": {
   "sha512": "25cd9e574e6338486f4b5d95f67ea066631bd3e11a5fc589aedf0e4bbc3e15c7",
   "size": 3981
  },
  "torrents/DLCQuest-windows-1.2.exe.torrent": {
   "sha512": "18845314d4c017897127d574965b5d8708091bf861401a97dc7d79fe59321731",
   "size": 6127
  },
  "torrents/DoorKickers1448920440.app.zip.torrent": {
   "sha512": "d24494890ad31f6cd65b5d27890b8fe475b5d3d36c85c8600cb5ce3697af71c2",
   "size": 56811
  },
  "torrents/DoorKickers1448920440.tar.gz.torrent": {
   "sha512": "aa0938d9c1e0a125f7a25fd3f05b9fad62ca370bfafaeafff5c7ef8aa405340a",
   "size": 55229
  },
  "torrents/DoorKickers1448920440.zip.torrent": {
   "sha512": "05cf50c5b40411de9d6b95ce21f6ac627cc056f7ababfe4346cc02e1be8fcc62",
   "size": 56983
  },
  "torrents/DoorKickers_updated_10132016.apk.torrent": {
   "sha512": "fd4a424f4a3efe4233756c0843ec31f47809652406e9687e41262a1b74c875d1",
   "size": 34637
  },
  "torrents/Duet-Build1006023-Linux64.zip.torrent": {
   "sha512": "0b0dd6bb338f5a70df0da98b7794f44a1058f90c693a70a5fa1799f10abb9508",
   "size": 10971
  },
  "torrents/Duet-Build1006023-OSX.zip.torrent": {
   "sha512": "8da49d3e5f9b0cc300040dd9af3f9e72451109b9a652372fd0d244ce48958d5e",
   "size": 8922
  },
  "torrents/Duet-Build1006023-Win.zip.torrent": {
   "sha512": "0a49c1223d08f4c6aacce009d610bf17ee47ed25304834a3736e35ba222fa500",
   "size": 8742
  },
  "torrents/DuetHumble_139.apk.torrent": {
   "sha512": "ea79f406c74c78d13e920b809f9bb46d58b4ea8cbc8385d44437370a51871cf0",
   "size": 5287
  },
  "torrents/ElseHeartbreakLinux.tgz.torrent": {
   "sha512": "112002eedad4340b48803e90342aa34a8ce64668358a47729f5415a191e6329e",
   "size": 30823
  },
  "torrents/ElseHeartbreakMac.zip.torrent": {
   "sha512": "5f0ea88ec3450c957743a625872dae8e869a8d28aafd91f45c031ed64b617fbf",
   "size": 30759
  },
  "torrents/ElseHeartbreakWindows.zip.torrent": {
   "sha512": "793ac5692285ded93d98c2616099b916fc566a7d311a53b24b0311f12a4222ed",
   "size": 30727
  },
  "torrents/Getting_Over_It_With_Bennett_Foddy_-_1.571.dmg.torrent": {
   "sha512": "abbeb7c57c07cf0b5b6bde6015b79bf5ae3e406dac4d9ccce7a6ff9b66be3da8",
   "size": 27690
  },
  "torrents/Getting_Over_It_with_Bennett_Foddy_-_1.571.zip.torrent": {
   "sha512": "1119673bd97243af70b20eec636e142a9073f982f7f727b2a6eba4e1eeaab3c5",
   "size": 26490
  },
  "torrents/LIMBOInstaller.torrent": {
   "sha512": "bf9f1973b96f49746b175bdf042402a91980d91e8b98109277f9350a4fddf1ed",
   "size": 26140
  },
  "torrents/LIMBO_installer.torrent": {
   "sha512": "fd18078f9f23915588d8f55e2993a3876f1c8fef2245a6a7ac5b1a00be651fc1",
   "size": 29181
  },
  "torrents/LYNE_112_lin.zip.torrent": {
   "sha512": "abb8bbb7586fe3d7bdc9d2e85fdb82194996eeadf2e5f56137451af5b6f2843b",
   "size": 2023
  },
  "torrents/LYNE_112_mac.zip.torrent": {
   "sha512": "159ba0be57c555e6a18b82eb8d6072ef3073157f08be826fd5c500845bcae14a",
   "size": 1242
  },
  "torrents/LYNE_112_win.zip.torrent": {
   "sha512": "1b4496de6e7231e14c0169e4c9724bde125999fc9b1b636600bb8fdc4317256e",
   "size": 1150
  },
  "torrents/LYNE_android_1395850627.apk.torrent": {
   "sha512": "76094c171bf12c022e744617b834e052213e63f2884b59e2e1996c782219dc55",
   "size": 983
  },
  "torrents/Limbo-Linux-2014-06-18.torrent": {
   "sha512": "d1ebc844a72045ad2a6cfb9c2771521807f80af0efa2ca23dffe8bdfee7c8927",
   "size": 30667
  },
  "torrents/MiniMetro-release-36b-linux.tar.gz.torrent": {
   "sha512": "72739ac77e609c8ca6596d34b6c3a042c07bcd0bae98a80b55d1ec5a0e35360a",
   "size": 16035
  },
  "torrents/MiniMetro-release-36b-osx.zip.torrent": {
   "sha512": "ca6e003431f972f18c16491908173564e686a2e5a03277c4ca9f0a176a3bca1c",
   "size": 15965
  },
  "torrents/MiniMetro-release-36b-win32.zip.torrent": {
   "sha512": "6e59c34a46ef3ef673a7ff4f51d3b946df5cbe5c7c13d459ea904a732d40cfe0",
   "size": 14549
  },
  "torrents/MiniMetro-release-36b.apk.torrent": {
   "sha512": "5f530697eb9fa04948c2bf8c3aae32c9bc5b6fe0431e500507d43df8324b0e06",
   "size": 6575
  },
  "torrents/Necromonads_Source.zip.torrent": {
   "sha512": "c7f99a9bc093e5f6a1d9c7092899a48506a5b8f2b94b62e7f1f18b8543239f6b",
   "size": 1875
  },
  "torrents/NeverAlone_ArcticCollection.v1.0.tar.gz.torrent": {
   "sha512": "caca4e193b7e676e00e49329d5c09f48a0f173120e6b0e6947df9e41db6ba174",
   "size": 301833
  },
  "torrents/NeverAlone_ArcticCollection_1.02.OSX.zip.torrent": {
   "sha512": "9e2abfb09f8d6140319199336a2b5454c5c06b36ea1f7bef4febf36fb8a1b8f8",
   "size": 311375
  },
  "torrents/NeverAlone_ArcticCollection_Windows-1.00.zip.torrent": {
   "sha512": "4fa90fe931a00e2bc615c4d4b1929d3dd2abaf571ba5964c9bcd1f665f930340",
   "size": 162723
  },
  "torrents/Odallus_v1.1.2.zip.torrent": {
   "sha512": "ee4184deaebce503ace93a30dfb9298a29e7ea15de3861ada3f55c4ad2805309",
   "size": 3007
  },
  "torrents/Oniken_UE1.0_new.zip.torrent": {
   "sha512": "a3d826e48747279f69d05a89114973ada4d05c5daa8db9fd55a91c7225263181",
   "size": 2871
  },
  "torrents/Oniken_nonsteam_OSX.zip.torrent": {
   "sha512": "65dbf8e403603f84b0eeec7e7c1518f5053fa42ccd0109e0c73fa0537236d22c",
   "size": 16919
  },
  "torrents/Outlast-1.01.sh.torrent": {
   "sha512": "964021eec8afaa256975a5a7036eb6821bc1f3e782ba54cbdb4f4f017d024954",
   "size": 235445
  },
  "torrents/Outlast-DRMFree-Patch2.zip.torrent": {
   "sha512": "eaaf1db683c910d41de81c599bf50bd8e92314bcde9c7efec86cbf56e52b8a89",
   "size": 245827
  },
  "torrents/Outlast-Mac-DRMFree-1.01.zip.torrent": {
   "sha512": "e03b9b69115f545acde40ee6b0ec6909ae6fb6fcb0f72fd4eebbcbc57a84094f",
   "size": 231391
  },
  "torrents/RetroCityRampageDXSetup151A.exe.torrent": {
   "sha512": "faa427691deeef91bda7a2bfa7e14151ca30fc2e2a373ff54f16e15f819bb31c",
   "size": 2333
  },
  "torrents/RetroCityRampageDX_OSX_151.zip.torrent": {
   "sha512": "ab18bad95b87a29d5167ccae4f0b710052d0548c808098d09c070a2d7f6a1221",
   "size": 1090
  },
  "torrents/Stumblehill_1532035456.zip.torrent": {
   "sha512": "719111e2183b6edd24c5e3f4df13d9ac6b5df8046d3053a6bccbfe3b30314775",
   "size": 1763
  },
  "torrents/Subserial_Network_-_v1.01_Linux.tar.torrent": {
   "sha512": "1db321d16bde0d6ed2abd173211f7db60e519ccdf176aa17505107251b7807f7",
   "size": 26343
  },
  "torrents/Subserial_Network_-_v1.01_Windows.zip.torrent": {
   "sha512": "6ed4b83e955d4eb1789f3e72d766dac07994123b96934f2ac34a76fba4bac567",
   "size": 18267
  },
  "torrents/Subserial_Network_-_v1.01_macOS.zip.torrent": {
   "sha512": "80db16742ada2048b50c2bfbab4d457a345edd4b14acf25a666fa16da5b034e3",
   "size": 22363
  },
  "torrents/Sunless_SeaV2.1.1.3026.sh.torrent": {
   "sha512": "db129670e87c5121475721abbf805f6012128ea65fae3b01caae45e7a8cdc609",
   "size": 22263
  },
  "torrents/Sunless_Sea_Setup_V2.1.1.3026.exe.torrent": {
   "sha512": "5338172f50cc85c93864873924b55b818b376a2478107b40d004a92021121ef6",
   "size": 18119
  },
  "torrents/Sunless_Sea_Setup_V2.1.1.3026.pkg.torrent": {
   "sha512": "5eebcafcb48cfb1362c33f4337f36657747ec4c9f2ee37902d931145b8339d65",
   "size": 22439
  },
  "torrents/TTI_1_3_7.zip.torrent": {
   "sha512": "af5a9f94c3ad46b9b19d78daa288a0ea295ab29e9242090eaca1878f035c43e2",
   "size": 10198
  },
  "torrents/TechnobabylonSetup.exe.zip.torrent": {
   "sha512": "4f187e272614e0dcd6480d29dc907e84e464466b52dfbdb0dee968e0a45da119",
   "size": 77086
  },
  "torrents/Uncannyvalley1.1.rar.torrent": {
   "sha512": "5c3bd262ae4d9529aabc1eeb78ce68026b4810b13c08985a71ac00515be6ff40",
   "size": 7291
  },
  "torrents/anlp1.3_android_drmfree.torrent": {
   "sha512": "b0e7d044e22f6e9b88f0d70ef58b220dfe2b82009c25ba107f563b39b0975c78",
   "size": 21669
  },
  "torrents/anlp1.3_linux_drmfree.torrent": {
   "sha512": "ec551a83f2fd7b43975b652d84c595a4e314e8624741a3ef937d3a999956b2da",
   "size": 19202
  },
  "torrents/anlp1.3_osx_drmfree.torrent": {
   "sha512": "36f7e1987619ea8f21ef14828ebdd84782e24f9cfc8154dd9358fee5c7c78a6a",
   "size": 27225
  },
  "torrents/anlp1.3_win_drmfree.torrent": {
   "sha512": "1a76f333a7b0c3e79b9db957ae23936c27fe396a271be1b6a619350858e36cb1",
   "size": 18545
  },
  "torrents/gonehome-linux.torrent": {
   "sha512": "929a96bf1de9de79073c0cf7ffc8b89c9d2665da5777353e90457e104046275f",
   "size": 38784
  },
  "torrents/gonehome-osx.torrent": {
   "sha512": "0f2c3bfa0f150f13df0ab5c79116c9feba522c20e52bcb6ce2d70740a6aee47d",
   "size": 38762
  },
  "torrents/gonehome-win.torrent": {
   "sha512": "81ba338df4ecc29fff8762972885c38a8ed8cac0aa12d1333897f02eb69e3902",
   "size": 38542
  },
  "torrents/humble_trine3_v1_1_1_build_3102_linux.zip.torrent": {
   "sha512": "4db1ab3759961c59d6f42aa9d45e853bf201afffb11146cfdd78d29748111fdf",
   "size": 273497
  },
  "torrents/humble_trine3_v1_1_1_build_3102_osx.zip.torrent": {
   "sha512": "aefb93d838f96a3cc7766705b23b60fd40216824d1e9e5ca2335b660e3b812fa",
   "size": 273513
  },
  "torrents/humble_trine3_v1_1_1_build_3102_windows.zip.torrent": {
   "sha512": "a3e5086fb0e85a461ff0244d83f48d159cb18af642541be7df227aeb297f630f",
   "size": 306281
  },
  "torrents/oniken_nonsteam_linux.zip.torrent": {
   "sha512": "c2995a46d02e418e1edd71b9ade8abd30ca40a40476281204e13e9e7354c617e",
   "size": 10883
  },
  "torrents/retrocityrampage-1.55-linux.x86_64.bin.torrent": {
   "sha512": "89153ea38c000c3aa78abe92b546198b498556f92a9c891f36910b5a0277ff37",
   "size": 1166
  },
  "torrents/woten_20180802.exe.torrent": {
   "sha512": "4eb06c1f59158aa9c6db947bad31f835fcde7262b7723a6d558c5f3e5af007fc",
   "size": 3627
  }
 },
 "files_optional": {
  "files/Getting_Over_It_With_Bennett_Foddy_-_1.571.dmg": {
   "piece_size": 1048576,
   "piecemap": "files/Getting_Over_It_With_Bennett_Foddy_-_1.571.dmg.piecemap.msgpack",
   "sha512": "a25067fd7cf99c1aaba7980121b901217becb2588275f6fb93b41b9c0ff5a752",
   "size": 714390344
  },
  "files/Getting_Over_It_With_Bennett_Foddy_-_1.571.dmg.piecemap.msgpack": {
   "sha512": "ab8524359020eef07fea473f37ed8ed456f7e0b617b9e3d9d92bb601ee006dfe",
   "size": 23938
  },
  "files/Getting_Over_It_with_Bennett_Foddy_-_1.571.zip": {
   "piece_size": 1048576,
   "piecemap": "files/Getting_Over_It_with_Bennett_Foddy_-_1.571.zip.piecemap.msgpack",
   "sha512": "04a3a258e15a1522822a1c447d5546c3508d4df162a9657f46959b5f960d5504",
   "size": 683141645
  },
  "files/Getting_Over_It_with_Bennett_Foddy_-_1.571.zip.piecemap.msgpack": {
   "sha512": "517f5f85e27d8c13d976b0e97be4160ade8bca6fbe1bbd01da7abfda4e745605",
   "size": 22888
  },
  "files/anlp1.3_android_drmfree.apk": {
   "piece_size": 1048576,
   "piecemap": "files/anlp1.3_android_drmfree.apk.piecemap.msgpack",
   "sha512": "505f7fb6d01d09d67e9d4a9ef2fafbcfa1d0dd68406b164d26fe7ce29b14036a",
   "size": 70149542
  },
  "files/anlp1.3_android_drmfree.apk.piecemap.msgpack": {
   "sha512": "6cda0f8f46d9168b84670cfda768ef6b595f7d714e1538a5068096cc655d8028",
   "size": 2392
  },
  "files/anlp1.3_linux_drmfree.zip": {
   "piece_size": 1048576,
   "piecemap": "files/anlp1.3_linux_drmfree.zip.piecemap.msgpack",
   "sha512": "5bec6d701a9334d3812fb63af548e80ee5b13db8cbc7501e1451560fe8cc9dcc",
   "size": 61845385
  },
  "files/anlp1.3_linux_drmfree.zip.piecemap.msgpack": {
   "sha512": "a201096471410ca2b30b9af725ef52d56c33c8d41f2f9da5a66e522d0e806188",
   "size": 2110
  },
  "files/anlp1.3_osx_drmfree.zip": {
   "piece_size": 1048576,
   "piecemap": "files/anlp1.3_osx_drmfree.zip.piecemap.msgpack",
   "sha512": "7bdc07bbb95e578bd9493a9cf82be802f8beb2b6347182807fb4ee50ee3f8309",
   "size": 87827770
  },
  "files/anlp1.3_osx_drmfree.zip.piecemap.msgpack": {
   "sha512": "81b24d70569d51db43cbc6bf9b1cf8855258edc8cbb82f399972feef601f7cbd",
   "size": 2983
  },
  "files/anlp1.3_win_drmfree.zip": {
   "piece_size": 1048576,
   "piecemap": "files/anlp1.3_win_drmfree.zip.piecemap.msgpack",
   "sha512": "be103e23c9c97bc3dc69ad3bc4fa8c5805e70f71da7e5ef109c0a95ef7403e1d",
   "size": 59424566
  },
  "files/anlp1.3_win_drmfree.zip.piecemap.msgpack": {
   "sha512": "17546764cb598573e8c1b4c9be81f56d563e33737eaeeb6e109561308901824c",
   "size": 2038
  }
 },
 "inner_path": "content.json",
 "modified": 1533317460,
 "postmessage_nonce_security": true,
 "signers_sign": "HL8njMOc/Qk0FjJD5fpmbToRzbAgzPy51XeO4j37phWcQAbOM/GUFOCp8IWGkHVsasRqXM+23jTP+MwbpF3QGs4=",
 "signs": {
  "1Games5166ST5jGdtEnrD8xHk7nUcBBWjR": "GyIUkC6QlRBSf2WY0q6LxzFRvhffpqj66pZ2fvxTMV7rQjCgbAg3r0jGDk5m9mzg1jsiXSS/1LdE41xB2bMhNYk="
 },
 "signs_required": 1,
 "title": "Get Games",
 "zeronet_version": "0.6.2"
}