[
	{
		"titulo": "Ant-Man and the Wasp",
		"ano": "2018",
		"nota": "7.4",
		"img": "-6935",
		"post": "posters_941.jpg"
	},
	{
		"titulo": "The Equalizer 2",
		"ano": "2018",
		"nota": "7.0",
		"img": "-2456",
		"post": "posters_966.jpg"
	},
	{
		"titulo": "Johnny English Strikes Again",
		"ano": "2018",
		"nota": "6.5",
		"img": "-3897",
		"post": "posters_1008.jpg"
	},
	{
		"titulo": "Venom",
		"ano": "2018",
		"nota": "7.0",
		"img": "-1782",
		"post": "posters_991.jpg"
	},
	{
		"titulo": "Fantastic Beasts: The Crimes of Grindelwald",
		"ano": "2018",
		"nota": "6.9",
		"img": "-2140",
		"post": "posters_1006.jpg"
	},
	{
		"titulo": "Bad Times at the El Royale",
		"ano": "2018",
		"nota": "7.4",
		"img": "-1223",
		"post": "posters_1009.jpg"
	},
	{
		"titulo": "Avengers: Infinity War",
		"ano": "2018",
		"nota": "8.7",
		"img": "-6757",
		"post": "posters_892.jpg"
	},
	{
		"titulo": "The House with a Clock in Its Walls",
		"ano": "2018",
		"nota": "6.2",
		"img": "-6138",
		"post": "posters_990.jpg"
	}


]