<addon id="repository.TheKrazy0ne" name="TheKrazy0ne REPO" version="1.0" provider-name="TheKrazy0ne">
<extension point="xbmc.addon.repository" name="TheKrazy0ne REPO">
<info compressed="false">
https://offshoregit.com/TheKrazy0ne/repo/raw/master/addons.xml
</info>
<checksum>
https://offshoregit.com/TheKrazy0ne/repo/raw/master/addons.xml.md5
</checksum>
<datadir zip="true">
https://offshoregit.com/TheKrazy0ne/repo/raw/master/zips
</datadir>
</extension>
<extension point="xbmc.addon.metadata">
<summary>Install TheKrazy0ne Addons</summary>
<description/>
<platform>all</platform>
</extension>
</addon>