<?xml version="1.0" encoding="UTF-8" standalone="yes"?>
<addon id="repository.mx" name="MX Repository" version="1.1.1" provider-name="Kiwi Systems (TH)">
        <requires>
            <import addon="xbmc.addon" version="12.0.0"/>
        </requires>
		<extension point="xbmc.addon.repository" name="MX Repository">
			<info compressed="false">http://thaisatellite.tv/repo/addons.xml</info>
			<checksum>http://thaisatellite.tv/repo/addons.xml.md5</checksum>
			<datadir zip="true">http://thaisatellite.tv/repo/</datadir>
		</extension>
		<extension point="xbmc.addon.metadata">
			<summary>Host Of Add-Ons for the MX Repositories</summary>
			<description>Home of the MX add-ons with full support at www.tv.addons.ag in the MX Threads - NOTE:These addons are released under the GNU 3 License and as such can NOT be sold, changed, ammened, forked with out permission of the author at www.tvaddons.ag in the MX Threads</description>
			<platform>all</platform>
		</extension>
</addon>