<?xml version="1.0" encoding="UTF-8"?>
<addon
    id="script.module.steweb"
    name="steweb"
    version="1.0.2"
    provider-name="Stefano">
    <requires>
        <import addon="xbmc.python"     version="2.24.0"/>
        <import addon="xbmc.addon"      version="16.0.0"/>
    </requires>
    <extension point="xbmc.python.pluginsource" library="default.py">
        <provides>service</provides>
    </extension>
    <extension point="xbmc.addon.metadata">
        <platform>all</platform>
        <summary lang="en"></summary>
        <language></language>
        <description lang="en"></description>
        <license>GNU GENERAL PUBLIC LICENSE. Version 2, June 1991</license>
        <source></source>
        <forum></forum>
        <website></website>
        <email></email>
    </extension>
</addon>