{
 "address": "1FxdhGzEh4URDfXJH4uFwJwNQcPcNJutpQ",
 "files": {},
 "ignore": ".*",
 "inner_path": "data/users/content.json",
 "modified": 1515552790,
 "signs": {
  "1FxdhGzEh4URDfXJH4uFwJwNQcPcNJutpQ": "HHy2eKVZ61oHOsNJAFD2RCW60xwde90rhLi/wHlz7CLdK5PtyktvV3U21CTyLll95jCFum0PMNlnU9HdeN6xn9w="
 },
 "user_contents": {
  "cert_signers": {
   "zeroid.nobit": ["2iD5ZQJMNXu43w1qLB8sfdHVKppVMduGz"]
  },
  "permission_rules": {
   ".*": {
    "files_allowed": "data.json",
    "max_size": 1000000000
   },
   "bitmsg/.*@zeroid.bit": {"max_size": 1500000}
  },
  "permissions": {
   "bad@zeroid.bit": false,
   "nofish@zeroid.bit": {"max_size": 100000}
  }
 }
}
