<?xml version="1.0" encoding="UTF-8" standalone="yes"?>
<addon id="o.repository.maluco" name="O Repositorio Maluco" version="1.1.3" provider-name="OMaluco">
	<extension point="xbmc.addon.repository" name="Filmes Series Tuga Add-on Repository">
		<info compressed="false">https://github.com/OMaluco/O_Repositorio_Maluco-/master/addons.xml</info>
		<checksum>https://github.com/OMaluco/O_Repositorio_Maluco-/master/addons.xml.md5</checksum>
		<datadir zip="false">https://github.com/OMaluco/O_Repositorio_Maluco-/master/downloads</datadir>
	</extension>
	<extension point="xbmc.addon.metadata">
		<summary>Repositorio Maluco</summary>
		<description>Filmes e Series</description>
		<disclaimer></disclaimer>
		<platform>all</platform>
	</extension>
</addon>
