<?xml version="1.0" encoding="UTF-8"?>
<instant>
  <LastUsedSnapshot name="2015.12.14-technodesert"/>
  <Main x="0" y="0" w="1366" h="744" current-tab="editor"/>
  <Editor id="12" edit-horizontal-pane-pos="0.89888536930084229" notebook-shrunk="0" edit-vertical-pane-pos="0.92319506406784058" mixer-width="Wide" zoom-focus="ZoomFocusCenter" zoom="854" snap-to="SnapToBeat" snap-mode="SnapNormal" internal-snap-to="SnapToBeatDiv6" internal-snap-mode="SnapNormal" pre-internal-snap-to="SnapToBeat" pre-internal-snap-mode="SnapNormal" edit-point="EditAtMouse" visible-track-count="-1" playhead="6494011" left-frame="5963878" y-origin="66" show-measures="1" maximised="0" follow-playhead="0" stationary-playhead="0" region-list-sort-type="ByEndInFile" mouse-mode="MouseObject" join-object-range="0" show-editor-mixer="1" show-editor-list="1" editor-list-page="1" show-marker-lines="0" nudge-clock-value="240000">
    <Window name="Editor" visible="0" x-off="-1" y-off="-1" x-size="-1" y-size="-1" tabbed="1"/>
    <Buttons>
      <Press/>
      <Release/>
    </Buttons>
    <Selection>
      <Regions>
        <Region id="6537"/>
      </Regions>
      <Marker id="363" start="0"/>
    </Selection>
    <RegionList sort-type="ByEndInFile" sort-ascending="1" show-all="0" show-automatic-regions="1"/>
    <ActionScript lua="Lua 5.3">c2NyaXB0cyA9IHt9IA==</ActionScript>
    <ActionHooks/>
    <EditorLocations clock-mode="BBT"/>
  </Editor>
  <Mixer mixer-rhs-pane1-pos="0.60000002384185791" mixer-rhs_pane2-pos="0.69999998807907104" mixer-list-hpane-pos="0.20000000298023224" mixer-inner-pane-pos="0.80000001192092896" narrow-strips="0" show-mixer="0" show-mixer-list="1" maximised="0" monitor-section-visible="0">
    <Window name="Mixer" visible="0" x-off="-1" y-off="-1" x-size="-1" y-size="-1" tabbed="1"/>
    <PluginOrder>
      <PluginInfo sort="0" unique-id="1067" expanded="0"/>
      <PluginInfo sort="1" unique-id="http://calf.sourceforge.net/plugins/Exciter" expanded="0"/>
      <PluginInfo sort="2" unique-id="http://calf.sourceforge.net/plugins/Fluidsynth" expanded="0"/>
      <PluginInfo sort="3" unique-id="http://calf.sourceforge.net/plugins/Reverb" expanded="0"/>
      <PluginInfo sort="4" unique-id="http://calf.sourceforge.net/plugins/Saturator" expanded="0"/>
      <PluginInfo sort="5" unique-id="http://calf.sourceforge.net/plugins/StereoTools" expanded="0"/>
      <PluginInfo sort="6" unique-id="http://calf.sourceforge.net/plugins/VintageDelay" expanded="0"/>
      <PluginInfo sort="7" unique-id="http://plugin.org.uk/swh-plugins/diode" expanded="0"/>
      <PluginInfo sort="8" unique-id="1185" expanded="0"/>
      <PluginInfo sort="9" unique-id="http://github.com/nicklan/drmr" expanded="0"/>
      <PluginInfo sort="10" unique-id="http://linuxsampler.org/plugins/linuxsampler" expanded="0"/>
      <PluginInfo sort="11" unique-id="http://plugin.org.uk/swh-plugins/valveRect" expanded="0"/>
      <PluginInfo sort="12" unique-id="1405" expanded="0"/>
      <PluginInfo sort="13" unique-id="http://plugin.org.uk/swh-plugins/valve" expanded="0"/>
      <PluginInfo sort="14" unique-id="http://plugin.org.uk/swh-plugins/vynil" expanded="0"/>
      <PluginInfo sort="15" unique-id="http://kxstudio.sf.net/carla/plugins/zynaddsubfx" expanded="0"/>
    </PluginOrder>
  </Mixer>
  <Preferences>
    <Window name="Preferences" visible="0" x-off="-1" y-off="-1" x-size="-1" y-size="-1" tabbed="1"/>
  </Preferences>
  <Meterbridge show-meterbridge="0">
    <geometry x-size="600" y-size="400" x-pos="1" y-pos="1"/>
  </Meterbridge>
</instant>
