<addon id="repository.thegroove" name="[COLOR khaki][B] Thegroove Repository[/COLOR][/B]" version="1.0" provider-name="Thegroove360">
    <requires>
		<import addon="xbmc.addon" version="12.0.0"/>
	</requires>
	<extension point="xbmc.addon.repository" name="Thegroove 360 Repository">
		<info compressed="false">http://127.0.0.1:43110/1Atp8zSnAXBKXGroQU8MeWvDdWcnyShW8B/zip/addon.xml</info>
		<checksum>http://127.0.0.1:43110/1Atp8zSnAXBKXGroQU8MeWvDdWcnyShW8B/zip/addons.xml.md5</checksum>
		<datadir zip="true">http://127.0.0.1:43110/1Atp8zSnAXBKXGroQU8MeWvDdWcnyShW8B/zip</datadir>
	</extension>
	<extension point="xbmc.addon.metadata">
		<summary>Thegroove 360 Official Repository</summary>
		<description>Repository ufficiale di Thegroove 360</description>
<news>1.0
-- Decentralinizzata repository

</news>
		<platform>all</platform>
	</extension>
</addon>
